Job Title,Job Title Clean
IT Support Officer,It Support Officer
Technical Support Engineer,Technical Support Engineer
Network Engineers,Network Engineers
IT Support Engineer,It Support Engineer
Information Systems Executive,Information Systems Executive
IT Support Engineer,It Support Engineer
Customer Service Associate (IT  Support) - Entry Level,Customer Service Associate
Senior Technical Product Support Specialist,Senior Technical Product Support Specialist
Application Support/Service Desk Analyst,Application Support/Service Desk Analyst
Network Engineer,Network Engineer
IT Helpdesk Support,It Helpdesk Support
IT System Administrator,It System Administrator
IT Admin Officer,It Admin Officer
PROJECT ENGINEER,Project Engineer
Associate Test Engineer (MNC - Semiconductor/Shift Work),Associate Test Engineer
Facilities Associate Engineer (Operation),Facilities Associate Engineer
Aircraft Maintenance License Trainee (AMLT),Aircraft Maintenance License Trainee
Mechanical Engineer,Mechanical Engineer
"Manager, Airport Passenger Mover system",Manager
Field Service Engineer,Field Service Engineer
SITE ENGINEER,Site Engineer
Chemical Technician / Process Technician x 3 (Jurong Island),Chemical Technician / Process Technician
Site Engineer (Civil),Site Engineer
Application Engineer,Application Engineer
Application Engineer,Application Engineer
Senior/Project Engineer,Senior/Project Engineer
CUSTOMER SERVICES ASSISTANT (Teller),Customer Services Assistant
Corporate Banking Account opening Operations (Contract),Corporate Banking
"Senior Analyst, Fund Operations",Senior Analyst
Business Analyst Payment Frauds (Singapore-based),Business Analyst Payment Frauds
Credit Control Executive,Credit Control Executive
"Agency Development Manager (Wealth Management, Progressive Career, Flexi-Hour)",Agency Development Manager
Investment Management Trainee,Investment Management Trainee
"Assistant Manager, Group Treasury (Cash, Fund, FX, Corporate Fianance)",Assistant Manager
Dealer/Dealing Assistant,Dealer/Dealing Assistant
Operations Analyst (12 months / Banking),Operations Analyst
Venture Capital Analyst,Venture Capital Analyst
Loans Operations Officer [Corporate Bank],Loans Operations Officer
"Associate / Senior Associate, Settlement (Equities, OTC)",Associate / Senior Associate
Admin Assistant,Admin Assistant
Adminstrative Assistant,Adminstrative Assistant
Office Assistant,Office Assistant
Order Management Specialist,Order Management Specialist
Admin Executive (Culinary),Admin Executive
Admin Executive#Urgent,Admin Executive
Customer Service cum Admin Associate,Customer Service Cum Admin Associate
Admin Executive,Admin Executive
"Data Entry Specialist - Work remote worldwide, no experience needed.",Data Entry Specialist
Govt Event Executive – [Changi/Office Hours/Entry Level] ,Govt Event Executive
Admin Executive,Admin Executive
Receptionist,Receptionist
Executive Assistant,Executive Assistant
Pharmacy Assistant @ PSC,Pharmacy Assistant
Patient Service Associate (Clinic - Novena / Orchard),Patient Service Associate
Medical - Product Specialist/Sales Executive,Product Specialist/Sales Executive
Holland Village Full Time or Part Time or Temporary Clinic Assistant,Temporary Clinic Assistant
Dental Assistant.,Dental Assistant
"Senior/ Executive , Clinical Operation",Clinical Operation
Dental Receptionist,Dental Receptionist
Senior Operations Executive / Operations Executive (Specialist Outpatient Clinic,Operations Executive
"Operations Executive, Environmental Services",Operations Executive
Admin Executive - Senior Care Centre,Admin Executive
Medical Laboratory Technologist - Biochemistry Lab,Medical Laboratory Technologist
Production Pharmacist (Singapore Registered),Production Pharmacist
"Assistant Manager, Data Engineering & IoT Management",Assistant Manager
"Expert Engineer, Android",Expert Android Engineer
"Engineer, Frontend",Frontend Engineer
"Senior Engineer, Android",Senior Android Engineer
"Senior Engineer, Frontend",Senior Frontend Engineer
IT Support Assistant (Convertible Contract) Manufacturing MNC,Assistant
IT Senior Executive,It Senior Executive
Cyber Security Specialist (Perm) (ID: 659822),Cyber Security Specialist
Principal Architect,Principal Architect
"Senior Associate, Building Systems (Mechanical)",Senior Associate
Maintenance Coordinator (Planning I Production I Technical I Chemical Plant),Maintenance Coordinator
Laser Technician (Optical),Laser Technician
Service Engineer (Singaporeans only!/Marine/Vessels/Up $3800),Service Engineer
Testing & Commissioning Engineer (Construction),Construction
Assistant Chief Engineer (Project & Operation),Assistant Chief Engineer
ENGINEER,Engineer
Tooling Engineer (Singaporeans only!/Plastic Molding/CAD Drafting/Up $4k),Engineer
Technical Specialist / Assistant Service Engineer (Equipment Engineering-Service,Technical Specialist / Assistant Service Engineer
Global Management Associate .,Global Management Associate
Financial Services Assurance – Experienced Associate,Financial Services Assurance
BUSINESS CLIENT SERVICES MANAGER - APAC,Business Client Services Manager - Apac
Investment Management Associate,Investment Management Associate
Equities Dealer,Equities Dealer
Head of Compliance,Compliance
"Senior/Executive, Group Finance Population Health Policy",Senior/Executive
Wealth Management Specialist (Hybrid/Flexi/Full Time),Wealth Management Specialist
Senior Dealer / Dealer,Senior Dealer / Dealer
Admin Assistant,Admin Assistant
Senior/Executive (Volunteer Programme),Senior/Executive
Personal Assistant (Investment industry / SGX listed)_cp1,Personal Assistant
Administrative Assistant,Administrative Assistant
Part Time Admin,Part Time Admin
Admin Officer (Cars),Admin Officer
Secretary,Secretary
Receptionist/Customer Service (Office Hrs),Receptionist/Customer Service
"Associate Executive, Staff Wellness Office",Associate Executive
Executive,Executive
Social Work Assistant (Public Healthcare) – Ref:HC,Social Work Assistant
Therapy Aide,Therapy Aide
Optician / Optometrist (Provisional/Registered) (AWS + Bonus) | 5 Days,Optician
Pharmacist,Pharmacist
Assistant Case Manager,Assistant Case Manager
Patient Care Assistant,Patient Care Assistant
Clinical Associate (Medical Officer),Clinical Associate
Clinic Assistant,Clinic Assistant
Associate Engineer [Entry Level | Up to $3.4K],Associate Engineer
Customer Service Representative [Bank/ UP 4k/ No Exp Required],Customer Service Representative
"IT Executive - EUC , Microsoft AD & System Support/Contract to Perm)",It Executive
Senior/Infrastructure Support Executive – Lead,Senior/Infrastructure Support Executive
Site Engineer / PE Assignee,Site Engineer / PE Assignee
Asst. Technical Manager/Technical Manager,Technical Manager
"Intern, Loan Distribution Group",Loan Distribution Group Intern
Wealth Planner (Banking/ Perm/ Islandwide),Wealth Planner
Admin Clerk,Admin Clerk
ACCOUNTS EXECUTIVE / MANAGER,Accounts Executive
Accounts Specialist,Accounts Specialist
Bone Marrow Transplant Coordinator (2-year contract position),Bone Marrow Transplant Coordinator
IT & Operations Support Specialist,It & Operations Support Specialist
IT Engineer,It Engineer
IT Executive,It Executive
Systems Engineer - Citrix (Central),Systems Engineer
IT Engineer ( 1 Year Contract),It Engineer
System Analyst,System Analyst
"RUN Specialist, Calypso",Run Specialist
IT Infrastructure Engineer,It Infrastructure Engineer
MT - VMware Engineer,Vmware Engineer
"Vice President, IT Portfolio Management",Vice President
IT NOC Engineers (Network Monitoring/$2600-$3200+Shift Allowance),It Noc Engineers
Snr IT Analyst I,Snr It Analyst
Head of Customer Engagement (Managed Services),Head of Customer Engagement
Engineer,Engineer
Assistant Engineer,Assistant Engineer
Engineer (Security Systems),Engineer
Operations & Facilities Engineer,Operations & Facilities Engineer
M&E Engineer,M&E Engineer
Field Applications Engineer,Field Applications Engineer
Supervisor,Supervisor
"Manager, Global Engineering",Manager
Process Piping Designer,Process Piping Designer
LabView Engineer,Labview Engineer
INSPECTION ENGINEER,Inspection Engineer
Project Engineer (Electrical),Project Engineer
Claims Support Associate,Claims Support Associate
Investment Risk Analyst,Investment Risk Analyst
"Assistant Vice President, Institutional Relations",Assistant Vice President
Spot Liquidity Specialist,Spot Liquidity Specialist
"Vice President, KYC Strategy and Support",Vice President
Investment Manager,Investment Manager
Associate product development - private equity,Associate Product Development
Interior Sales Designer,Interior Sales Designer
Associate / Vice President - OTC FX Sales,Vice President
"VP, KYC Client Onboarding, Private Bank",Vp
Senior Consultant,Senior Consultant
"Senior / Associate Executive, SSMC @ SSI (Part-Time 21 hours / Admin Support)",Senior / Associate Executive
Operations Assistant,Operations Assistant
Administrative Operations Executive,Administrative Operations Executive
Admin Operations Executive,Admin Operations Executive
Admin Executive (Part-Time or Contract Arrangement),Admin Executive
"Administrative Assistant, Yard",Administrative Assistant
Support Admin,Support Admin
Broker Admin,Broker Admin
Operations Executive,Operations Executive
Sales and Admin Coordinator,Sales and Admin Coordinator
Customer Service Officer,Customer Service Officer
Admin Assistant,Admin Assistant
Frontdesk Administrator,Frontdesk Administrator
clinic assistant,Clinic Assistant
Social Worker (Safe Place),Social Worker
Assistant Medical Sales Manager,Assistant Medical Sales Manager
Medical Laboratory Technologist,Medical Laboratory Technologist
Director of Spa,Director
Operations Assistant (Dietary),Operations Assistant
Dental Assistant - Full Time,Dental Assistant
Patient Service Associate / Financial Counselling - Office Hour  #HJY,Patient Service Associate
"Senior Executive, Medical Education [LKCMedicine]",Senior Executive
Occupational Therapist,Occupational Therapist
CLINIC RECEPTIONIST (LOCUM),Clinic Receptionist
Vessel System Support Officer,Vessel System Support Officer
"Senior / Associate Executive, Operation Support Services (Event Support)",Senior / Associate Executive
SAP Consultant,Sap Consultant
Wintel Administrator,Wintel Administrator
Integration Specialist,Integration Specialist
ETL BI Developer,Etl Bi Developer
VMware Operations Engineer (VMware Horizon / VCentre / VDI / Banking Domain),Vmware Operations Engineer
Junior Cybersecurity Engineer (Post-Deployment Technical Support): CyberArk,Junior Cybersecurity Engineer
Facilities Maintenance Engineer,Facilities Maintenance Engineer
Applications Engineer,Applications Engineer
Control System Engineer,Control System Engineer
Pest Control Operations Executive,Pest Control Operations Executive
Senior Maintenance Technician (Tampines 1 / Century Square),Senior Maintenance Technician
Vision Application Engineer,Vision Application Engineer
SUPERVISOR,Supervisor
Panel Beater,Panel Beater
ELECTRONICS - TEST TECHNICIAN (EAST),Test Technician
Electrical Systems Design Engineer,Electrical Systems Design Engineer
"Operations Assistant, New Business",Operations Assistant
Trade Finance & Treasury Executive,Trade Finance & Treasury Executive
[PERM] Wealth Planner - (Basic + Incentive + Comm + Bonus),Wealth Planner
Compliance Analyst - AML / KYC,Compliance Analyst
Southeast Asia/ANZ Economy and Government Team Leader- Singapore,Government Team Leader
Fund Manager,Fund Manager
"Senior/Manager, Planning and Analytics (Indoor Attractions)",Senior/Manager
Part-time Data Entry Operator,Part-Time Data Entry Operator
Sales Admin / Sales Support Coordinator,Sales Admin / Sales Support Coordinator
Administrative Assistant (Part-Time Position),Administrative Assistant
"Executive, Group Chairman Medical Board Office",Executive
Personal Assistant / Office Management,Personal Assistant / Office Management
[SINGAPORE FLYER] HR OFFICER,HR OFFICER
Executive Assistant,Executive Assistant
"Senior Executive, Operations (Audio Visual)",Senior Executive
Logistics Admin,Logistics Admin
School Admin Executive,School Admin Executive
Clinic Assistant,Clinic Assistant
Medical Social Worker,Medical Social Worker
Director of Spa,Director
"Research Assistant, Virtual Care Centre (1 year contract)(7275)",Research Assistant
DeltaV Batch Engineer - Pharmaceutical,Deltav Batch Engineer
Senior/Palliative Care Nurse,Senior/Palliative Care Nurse
Senior Care Coordinator,Senior Care Coordinator
Project Manager,Project Manager
"Associate/Engineer, Data Engineering",Associate/Engineer
Assistant Manager / Senior Engineer (IT),Assistant Manager
Desktop Engineer,Desktop Engineer
"Junior IT Support, Tech Refresh - Up to $2500, East Region",Junior It Support
"Engineer (Electrical Operations, Field Services)",Engineer
"Engineer, Manufacturing",Manufacturing Engineer
Civil & Structural Engineer,Civil & Structural Engineer
Marine Engineer,Marine Engineer
Aftersales Engineer | No exp Required | Up 3100,Aftersales Engineer
Treasury Assistant,Treasury Assistant
"Social Media Manager, Corporate Banking (B2B, 12 month contract)",Social Media Manager
wealth management operation,Wealth Management Operation
Operations Admin,Operations Admin
Integrated Operations Coordinator,Integrated Operations Coordinator
Admin Executive (No Experience Required),Admin Executive
$12.53-$13.53/Hr - Part-Time Library Officer | West Side (4 Months),Library Officer
CUSTOMER SERVICE EXECUTIVE,Customer Service Executive
"Executive (4 months Maternity Cover), Public Engagement",Executive
Admin Assistant,Admin Assistant
"Executive, Clinic Operations",Executive
Care Coordinator (Administration) (Daycare),Care Coordinator
Staff Nurses ( Office Hours - Clinics Settings) - in various disciplines,Staff Nurses
"Snr IT Executive / SQL Network ERP Systems Infrastructure, Hardware, Software",Snr IT Executive
L1 Maintenance Engineer,L1 Maintenance Engineer
System Architecture Engineer (Ethernet Switch),System Architecture Engineer
IT Specialist (Infrastructure/Up to $5800/West),It Specialist
"Junior Data Analysis - Up to $3600, East Region",Junior Data Analysis
Project Engineer (Mechanical & Electrical),Project Engineer
Automation Engineer,Automation Engineer
Shift Process Engineer [Chemical | No Experience Required | Up to $4.5k],Shift Process Engineer
Senior Engineer - Electrical (Building Services),Senior Engineer
Trainee Broker - Global Broking,Trainee Broker
"Associate Analyst/Analyst, Campaign Analytics",Associate Analyst/Analyst
QA Tester (Up to 5.5k | BANK),Qa Tester
Business Analyst (Up to 8K| Consumer Credit),Business Analyst
Order Processor,Order Processor
Office Adminstrative Executive,Office Adminstrative Executive
Human Resource Officer,Human Resource Officer
Personal Assistant,Personal Assistant
Care Escort (Part-time),Care Escort
Therapy Assistant,Therapy Assistant
Dental Assistant,Dental Assistant
IT Support Engineer,It Support Engineer
Network Engineer,Network Engineer
Information technology support engineer,Information Technology Support Engineer
Process Technician,Process Technician
"Technical Officer (Electrical, Project Management)",Technical Officer
Dry Etch Process Engineer,Dry Etch Process Engineer
Production Technician (Joo Koon / Up to $3000 / Fast Hire),Production Technician
Chiller Sales Engineer / Manager,Chiller Sales Engineer / Manager
Structured Finance Officer,Structured Finance Officer
"Business Analyst, Futures & Derivatives Clearing – Front to Bank",Business Analyst
Admin Executive,Admin Executive
Data Entry,Data Entry
"3x HR and Admin Assistant (School Environment, 11 months)",Hr And Admin Assistant
Admin assistant,Admin Assistant
"Healthcare Attendant / Assistant, Radiology",Healthcare Attendant / Assistant
Nursing Aide (Toa Payoh),Nursing Aide
"Senior / Executive, Crisis Planning & Operations (BCM & FS)",Senior / Executive
IT Engineer (Infrastructure),It Engineer
Sr. Associate - Projects,Sr. Associate
Support Engineer (Technical Coordination/IoT/Server/No Experience Require) LT38,Support Engineer
Security Systems Technician,Security Systems Technician
Data Analyst,Data Analyst
Operation Analyst,Operation Analyst
Desktop Support Specialist,Desktop Support Specialist
"SME, OT","Sme, Ot"
Lead Game Designer,Lead Game Designer
Project Coordinator,Project Coordinator
Technician,Technician
Project Engineer,Project Engineer
"Manager, Civil Systems",Manager
Workplace safety and health Coordinator,Workplace Safety And Health Coordinator
"Project Planner, Project Leadership",Project Planner
Senior Structural Engineer,Senior Structural Engineer
Principal electrical engineer,Principal Electrical Engineer
Production Engineer,Production Engineer
SITE ENGINEER,Site Engineer
Marketing Assistant,Marketing Assistant
Treasury Operations Analyst– Trade Validation,Treasury Operations Analyst
Multi-asset Dealer/Customer Service Manager,Multi-Asset Dealer/Customer Service Manager
Protection & Resilience Intern,Protection & Resilience Intern
Vice President (Credit Risk and Evaluation) #seekbetter,Vice President
"Assistant Manager, Billing and Reporting",Assistant Manager
Credit Research Analyst,Credit Research Analyst
AVP - Data Center Services (DCS) Planning & Governance Specialist,AVP
"Executive Assistant, Clinical Operations (Integrated Care)",Executive Assistant
Purchase Executive cum Admin,Purchase Executive Cum Admin
Customer Service/Admin Assistant - 5 Days | MNC | Multiple Locations,Admin Assistant
MERCHANDISING ASSISTANT,Merchandising Assistant
Administration Assistant/Executive,Administration Assistant/Executive
Claims Associate (Entry level)/ Dip or Deg in Biz related field /AMK & Town!,Claims Associate
"Executive, Digital Operations (Pre-Course) 2 years contract",Executive
Logistics Coordinator,Logistics Coordinator
Invoicing Clerk,Invoicing Clerk
Clinic Assistant,Clinic Assistant
Social Work Associate (Punggol),Social Work Associate
"Regulatory Affairs Assistant ( Medical Devices MNC, East Area ) - #HVY",Regulatory Affairs Assistant
Assistant Coordinator - Social Work (Ref HEA),Assistant Coordinator - Social Work
"Registrar, Periodontics",Registrar
Optical Technician - SY,Optical Technician
Senior / Therapy Assistant,Senior / Therapy Assistant
Therapist,Therapist
spa therapist,Spa Therapist
Software Developer,Software Developer
Mechanical Technician,Mechanical Technician
Parcel Sorter @ Cogent (2pm),Parcel Sorter
System Engineer / Service Engineer (West | Training Provided | Automation | PLC),System Engineer / Service Engineer
Investment Advisor,Investment Advisor
Admin Executive,Admin Executive
Admin cum Customer Service (DO | Invoicing | 5 Days | West) - Company Transport,Admin Cum Customer Service
Accounts Admin Assistant (MNC / West / 5 Days / Bookkeeping / Company Transport),Admin Assistant
Clinic Assistant,Clinic Assistant
IT System Administrator,It System Administrator
IT Engineer,It Engineer
"Data Analyst / Business Analyst (ASAP,Retail ,SQL,Excel & Tableau, East)",Data Analyst / Business Analyst
"Assistant Manager, IT",Assistant Manager
Lead AV Specialist,Lead Av Specialist
Mechanical Engineer,Mechanical Engineer
SITE ENGINEER,Site Engineer
Technical Officer/Engineer (Calibration),Technical Officer/Engineer
Project Coordinator,Project Coordinator
ACMV Engineer UP$5800,Acmv Engineer
Electronics Repair Engineer,Electronics Repair Engineer
Automation Engineer (PLC/SCADA),Automation Engineer
Credit Administration Officer,Credit Administration Officer
*NEW* 9 months contract Middle Office Specialist - Foreign Banks,Middle Office Specialist
Client Servicing Manager (SME),Client Servicing Manager
Claims Admin Executive (No Experience Required),Claims Admin Executive
Admin Executive,Admin Executive
Personal Assistant,Personal Assistant
CORPORATE ADMIN EXECUTIVE,Corporate Admin Executive
HR & Admin Executive,Hr & Admin Executive
Dental Assistant,Dental Assistant
Clinic Assistant,Clinic Assistant
Operating Theatre Technician,Operating Theatre Technician
Snr/Infrastructure Lead Support Executive - CCNA / Level 1/2 Support (West),Snr/Infrastructure Lead Support Executive
[GOVT] Temp Data Analyst (Contract) - JL,Temp Data Analyst
IT Manager (Software Development),It Manager
Cloud Engineer,Cloud Engineer
#
Process Engineer,Process Engineer
Process Engineer (NPI / Semiconductor Equipment) (AC),Process Engineer
Technical Specialist / Assistant Service Engineer (Equipment Engineering) [With,Technical Specialist / Assistant Service Engineer
Maintenance Team Lead (MNC/West/Chemical),Maintenance Team Lead
M&E Engineer,M&E Engineer
Assistant Engineer - Rail Facilities Management,Assistant Engineer
Incoming Technician (No experience required)-RT1,Incoming Technician
"Executive, Loan Transactions (Credit Operations)",Executive
Equity Research Analyst (US Equity/ Family Office),Equity Research Analyst
"Systems & Process Exec,Financial Industry(No experience welcome)S$4K (ID:665154)",Systems & Process Exec
Executive Support Manager - Project Management Office (Based in Jurong Island),Jurong Island
"Officer, Centre Support (1-Year Contract)",Officer
SALES ADMINISTRATOR (m/f/d),Sales Administrator
Admin Executive,Admin Executive
Admin cum HR Assistant,Admin
Dental Surgery Assistant,Dental Surgery Assistant
Enrolled / Staff Nurse (Nursing Home / Hospital),Enrolled / Staff Nurse
"Executive,  Data Scientist (Research Analyst)",Data Scientist
Junior Business Analyst (Entry level/$3200/MNC),Junior Business Analyst
Software Developer,Software Developer
Data Analyst,Data Analyst
"Associate, Analytics & Insights",Associate
Senior Systems Engineer (Security Analyst),Senior Systems Engineer
"Associate Engineer, Broadcast TechOps",Associate Engineer
Mechanical Engineer,Mechanical Engineer
Project Engineer,Project Engineer
Plant Engineer (Electrical) / UP$ 4500 + Allowance + Bonus!,Plant Engineer
Design Simulation Engineer,Design Simulation Engineer
Associate Engineer,Associate Engineer
Project Engineer (Up $5k / Woodland / Project Based / Semicon),Project Engineer
Customer Service Representative [Bank/ UP 4k/ No Exp Required],Customer Service Representative
BASED IN S'PORE-Branch Client Executive ($3.2K Up + Comm + Qtrly Bonus),Client Executive
Branch Client Specialist - WORK IN SINGAPORE (Basic $3200 + Sales Incentives),Branch Client Specialist
Admin Executive#Immediate,Admin Executive
Office Admin Assistant,Office Admin Assistant
Customer Service Support ($3300 / Hybrid),Customer Service Support
Admin Assistant (Islandwide / 3PL Logistics),Admin Assistant
Clinical assistant,Clinical Assistant
"*URGENT* Executive (Care Coordination) - Healthcare, Office Hours, Perm   #HXY",Executive
Executive,Executive
Staff Nurse / Senior Staff Nurse (Specialist Clinic / Heart Centre - Bugis),Staff Nurse / Senior Staff Nurse
Software Developer,Software Developer
Data Scientist,Data Scientist
Desktop Support Engineer,Desktop Support Engineer
*GOV* IT Operations Manager | Desktop | EUCD,It Operations Manager
IT Engineer (Vessel Technology),It Engineer
"Engineer, Service (Training)",Engineer
"Assistant Engineer, Biomedical Engineering (Permanent/Contract)",Assistant Engineer
Site Engineer,Site Engineer
Technical Officer,Technical Officer
M&E CAD Designer/Drafter,M&E Cad Designer/Drafter
Associate Engineer*,Associate Engineer
"Trade Finance Officer | Banking Exp, Perm",Trade Finance Officer
Dealer (Corporate and Institutional),Dealer
Immigration Administrative Executive / BASIC $2500-$3500/ 5 Day Work Week,Immigration Administrative Executive
Admin Executive,Admin Executive
"Executive, Digital Operations (Post-Course)",Executive
Sales and Project Support Executive,Sales and Project Support Executive
Executive Assistant,Executive Assistant
Executive,Executive
Medical Social Work Assistant,Medical Social Work Assistant
Manager (Crisis Planning & Operations),Manager
IT Service Desk Support - 12 hrs shift,IT Service Desk Support
Junior Data Analyst (GOVT) | JO-25425,Junior Data Analyst
Assistant Service Engineer (Customer Service),Assistant Service Engineer
Maintenance Technician,Maintenance Technician
Assistant Application Engineer [Training Provided],Assistant Application Engineer
Mechanical Design Engineer / AutoCAD / Sheet Metal / 5 days,Mechanical Design Engineer
Technician (Weapon Maintenance / Equipment),Technician
Service Engineer (Dealer Support / Manufacturing / Hybrid Arrangement),Service Engineer
Private Equity Associate,Private Equity Associate
Administrative Assistant,Administrative Assistant
Personal Assistant,Personal Assistant
Adminstration Executive （PART-TIME ONLY),Adminstration Executive
Admin Executive (Accounting) | JO-25067,Admin Executive
Pharmacy Assistant / Technician (Temp/Perm),Pharmacy Assistant
Healthcare Assistant,Healthcare Assistant
Junior Network Consultant - Cisco / CCNP / POC / BOM,Junior Network Consultant
Assistant Engineer (Electrical/Mechanical Engineering) | Entry Level,Assistant Engineer
Facility Executive – Up $3500/ Taiseng/ 5 days office hrs,Facility Executive
Settlement Associate,Settlement Associate
Admin Assistant (Training Provided / Project / 5 days / West),Admin Assistant
Product Specialist (Sales),Product Specialist
Cybersecurity Specialist,Cybersecurity Specialist
AutoCAD Drafter Ref:GJO,AutoCAD Drafter
Process Engineer [Semicon | Entry Level],Process Engineer
Avionics Technician #70290,Avionics Technician
Building and Facilities Technician (5 Days with Alternate Saturday),Building And Facilities Technician
Admistrative Executive,Admistrative Executive
Personal Executive | 5 Days/Basic up to $3500 + Allowance/ Variable Bonus,Personal Executive
Patient Service Associate / Clinic Assistant (Temp/Perm),Patient Service Associate / Clinic Assistant
IT Systems Administrator,It Systems Administrator
ERP Support Executive,Erp Support Executive
SAP Basis Administrator,Sap Basis Administrator
Dynamics CRM Technical Consultant,Dynamics Crm Technical Consultant
IC Layout Engineer,Ic Layout Engineer
Process Integration Engineer,Process Integration Engineer
Application Engineer,Application Engineer
Equipment Engineer - multiple vacancies available!,Equipment Engineer
Technician Electrical,Technician Electrical
Associate Project Engineer,Associate Project Engineer
Customer Support Engineer (Based in Singapore),Customer Support Engineer
ESG Specialist,Esg Specialist
FINANCE MANAGER,Finance Manager
Administrative Assistant,Administrative Assistant
Receptionist,Receptionist
Dental receptionist cum cashier,Dental Receptionist Cum Cashier
Operation Executive,Operation Executive
Project Admin Assistant (1 Year),Project Admin Assistant
Clinic Assistant,Clinic Assistant
Hospital Therapy Assistant,Hospital Therapy Assistant
Senior Staff Nurse- (Home Care),Senior Staff Nurse
Junior Cloud Infrastructure Architect - DSC/EZ,Junior Cloud Infrastructure Architect
ERP Business Analyst (2 years contract),Erp Business Analyst
IT Service Manager,It Service Manager
Engineering Assistant – OASE Water Features,Engineering Assistant
Service Engineer,Service Engineer
Duty Engineer,Duty Engineer
Process Engineer [East | No Experience Required | Up to $4.5K],Process Engineer
Project Engineer/C&S Engineer,Project Engineer/C&S Engineer
Personal Financial Executive,Personal Financial Executive
"Assistant Manager, Risk Department",Assistant Manager
"Analyst/Associate, Strategic Advisory Group (M&A), Institutional Banking Group",Analyst/Associate
Admin Executive,Admin Executive
Admin Assistant (ECC),Admin Assistant
HR Administrative Executive and PA to GM/Secretary,Hr Administrative Executive
Programme Assistant (Part Time),Programme Assistant
Pharmacy Assistant (Temporary / Full Time),Pharmacy Assistant
Patient Service Associate / Clinic Receptionist (No Experience Needed!) #HWX,Patient Service Associate / Clinic Receptionist
Exercise Associate,Exercise Associate
Lead Counsellor,Lead Counsellor
IT engineer (Executive/Senior Executive),It Engineer
Network Engineer,Network Engineer
IT Support Executive,It Support Executive
Associate Business Analyst (Temp),Associate Business Analyst
Software QA Engineer (DotNet),Software Qa Engineer
"Deputy Manager / Manager, Project Controls",Deputy Manager / Manager
Assistant Engineer,Assistant Engineer
WSH Officer,Wsh Officer
Project Manager,Project Manager
Maintenance Technician,Maintenance Technician
Mortgage Advisor,Mortgage Advisor
FINANCE MANAGER,Finance Manager
Senior Trust Administrator,Senior Trust Administrator
Admin Assistant,Admin Assistant
Receptionist,Receptionist
Senior Executive/Executive (Examination Unit),Senior Executive/Executive
Locum Phlebotomist #HGN,Locum Phlebotomist
"Assistant Manager/Manager, Quality Management",Assistant Manager/Manager
System Administration Specialist,System Administration Specialist
Network Infrastructure Manager,Network Infrastructure Manager
Project Lead (Desktop Support Team),Project Lead
Project Manager,Project Manager
"Technician (Electrical Operations, Shiftwork)",Technician
Engineer (Terminal Operations Maintenance),Engineer
Civil/Site Engineer,Civil/Site Engineer
Payment Operations Officer,Payment Operations Officer
Bank Teller (Banking Industry / Up to S$3200 + Allowance),Bank Teller
Admin & Accounts Assistant (Work-Life Balance),Admin & Accounts Assistant
"1 Year Bank Admin (Up to $3,200) #BTS",Bank Admin
Operations Executive,Operations Executive
Patient Care Assistant - Basic Up $2500 / West / Bonuses -YX,Patient Care Assistant
Patient Care Associate/ Healthcare Assistant,Patient Care Associate
IT Project Manager,It Project Manager
Cloud Infrastructure Engineer (EXO/M365),Cloud Infrastructure Engineer
Technical Officer/Technician (Technical Support),Technical Officer/Technician
Senior Mechanical Engineer (Jurong Island),Senior Mechanical Engineer
Operation & Maintenance Technician,Operation & Maintenance Technician
Bank Operations,Bank Operations
Senior Officer - Operations - Settlements (banking),Senior Officer
Project Support Assistant,Project Support Assistant
"Executive, Business Support",Executive
Clinical Patient Service Executive,Clinical Patient Service Executive
3mths clinic Assistant x 5 - $1.8K to $2.3K (Govt clinic),clinic Assistant
Investment Associate (Investment/Central/8k),Investment Associate
(Immediate Hiring) Admin / Customer Service,Admin / Customer Service
Project Engineer,Project Engineer
"Assistant Engineer, Electrical (PLC)",Assistant Engineer
Client Relationship Manager (Local Bank),Client Relationship Manager
Administrator,Administrator
Medical Center Operations Manager,Medical Center Operations Manager
Enterprise Service Desk (Major incident | ITIL),Enterprise Service Desk
Product Support Manager,Product Support Manager
HRIS System Manager (SAP),Hris System Manager
Facilities Technician,Facilities Technician
Technical Engineer,Technical Engineer
Engineer,Engineer
Environmental Control Officer,Environmental Control Officer
Cable Jointer (Distribution Network),Cable Jointer
Corporate Banking Officer (12 months renewable/ Corporate loans/ Up to $5000),Corporate Banking Officer
12 Months contract Client Servicing Officer (Corporate Bank) $4500 to $4800,Client Servicing Officer
Admin cum Logistics Coordinator,Admin Cum Logistics Coordinator
Admin & Accounts Officer,Admin & Accounts Officer
Fulltime GP clinic assistant,Fulltime Gp Clinic Assistant
"Social Worker (CYS, Youth Services )",Social Worker
Business Analyst,Business Analyst
Systems Engineer/ IT Generalist ,Systems Engineer
AMHS Associate Engineer,Amhs Associate Engineer
Test Maintenance Associate Engineer,Test Maintenance Associate Engineer
Electrical & Electronics Engineer (DSC/CY/UUS),Electronics Engineer
Corporate Actions - Bank (Up to $4k | Private Bank | No Exp),Corporate Actions
Office Assistant,Office Assistant
Therapy Assistant,Therapy Assistant
"Executive, Clinical Operations (Integrated Care)",Executive
L1 IT Engineer (Shift Based),L1 It Engineer
ECO Engineer,Eco Engineer
HSBC - Financial Advisor (New or Experienced Welcomed!) #FabulousBeginnings,Financial Advisor
"Associate/Senior Associate, SUTD Academy (Contract)",Associate/Senior Associate
Desktop Support/ IT Support Engineer,Desktop Support/ It Support Engineer
IT Security Officer (ITSO),It Security Officer
Facilities Technician,Facilities Technician
Electrical Engineer (HVAC System | Urban Solutions),Electrical Engineer
Marine Service Engineer,Marine Service Engineer
Operations Analyst (Bank|Up to $4k),Operations Analyst
Trading Executive,Trading Executive
Retail Operations Management Intern (6 Months),Retail Operations Management Intern
"Temp Pharmacy Assistant (3 months, Office Hours, 5.5 days, $12/hr)",Temp Pharmacy Assistant
Dental Assistant,Dental Assistant
Product Specialist (Surgical Products) REF:GJR,Product Specialist
Associate Test Engineer / Product Test Technician,Product Test Technician
Engineer (Radio Communication) /Entry Level / Deg / MNC AMK!,Engineer
Civil & Structural Engineer (Groundworks/Infrastructure),Structural Engineer
Admin Assistant (6 months Temp) | Entry level | WEST,Admin Assistant
Clinic Assistant (Woodlands),Clinic Assistant
IT Executive (Infrastructure) - Servers / VMware / Hyper-V / M365,It Executive
Assistant Electronics Engineer (DSC/TE/16536),Assistant Electronics Engineer
Mechanical Engineer / Coordinator X 2 / MNC / Chemical Plant / Jurong Island,Mechanical Engineer / Coordinator
Site Engineer,Site Engineer
M&E Coordinator/ New Rail proj/ $7k basic+Bonus/ A1 maincon/ Northeast or West,M&E Coordinator
Sales Loan Officer ( Experience Needed ) | Attractive Salary,Sales Loan Officer
"Admin Support Officer, JO-25455",Admin Support Officer
Admin Assistant / Customer Service (Logistics)  x 3 (West) - 5 Days,Admin Assistant / Customer Service
Social Work Assistant,Social Work Assistant
(Locum) Radiographer/ Nuclear Medicine Technologist,Radiographer/ Nuclear Medicine Technologist
Case Worker,Case Worker
Application Support Specialist,Application Support Specialist
Vision Software Engineer,Vision Software Engineer
Junior Telecom Engineer,Junior Telecom Engineer
"SG Server Onsite Engineer (Good Pay, Based SG)",Server Onsite Engineer
"Deputy General Manager, Infocommunications Technology",Deputy General Manager
Application Engineer (No Experience),Application Engineer
Technical Manager,Technical Manager
Service Engineer (Labtec Equipment),Service Engineer
Technical Officer - Track maintenance | Shift Duty | AWS + VB,Technical Officer
Senior / Maintenance Technician (Electrical),Senior / Maintenance Technician
Project Engineer (Operations) - N,Project Engineer
Engineer,Engineer
Loan Executive (Genie Financial Services - Based in Singapore),Loan Executive
#
Client Acquisition Manager (Banking),Client Acquisition Manager
Executive Assistant,Executive Assistant
Admin Assistant,Admin Assistant
Admin Executive,Admin Executive
Administrative Assistant (Part-Time temp),Administrative Assistant
Adminstrative Assistant,Adminstrative Assistant
Warehouse Admin Assistant (Marine / Ship Chandler),Warehouse Admin Assistant
"Shipping Admin (West/East/Basic Up to $3,500/Bonuses) - TCJ",Shipping Admin
Dental Receptionist,Dental Receptionist
Clinic Receptionist / Patient Service Associate (Up to $2800 | 5.5 Days) [HL|AA],Clinic Receptionist / Patient Service Associate
Psychologist,Psychologist
Healthcare Assistant - Basic Up $2500 / West / Bonuses -YX,Healthcare Assistant
Staff Nurse (NTU),Staff Nurse
Software Developer/Tester Intern (Automation development & Testing Support),Software Developer/Tester Intern
Network Planning Manager,Network Planning Manager
Network Engineer (1053832666),Network Engineer
IT Operations Lead,It Operations Lead
AUTOMATION SOFTWARE ENGINEERS,Automation Software Engineers
IP L2 Network Engineer (Routing & Switching) #IVG,Ip L2 Network Engineer
C&S Engineer,C&S Engineer
Project Coordinator Officer,Project Coordinator Officer
Project Engineer (FMCS/BMS),Project Engineer
"Assistant Engineer, Signalling & Platform Screen Door - Thomson-East Coast Line",Assistant Engineer
Project Engineer,Project Engineer
"Mechanical Engineer (Construction Project Management, M&E and CSA)",Mechanical Engineer
Electrical Engineer ( Construction ),Electrical Engineer
"Associate, Campaign Analyst",Campaign Analyst
Financial Analyst - FP&A (Asia),Financial Analyst
#
Administrator,Administrator
Polymers Operations Executive,Polymers Operations Executive
Admin Assistant (Invoice & Credit Control),Admin Assistant
Admin Officer (Up $3000 / Tampines / Office Hours),Admin Officer
Temp Data Entry Officer *immediate* #NJN,Data Entry Officer
Patient Service Associate,Patient Service Associate
Clinic Assistant,Clinic Assistant
"Asst / Manager, Operations (Healthcare)",Asst / Manager
Temp Pharmacy Assistant (Office hours; 5 days),Temp Pharmacy Assistant
Senior / Patient Service Associate (Diagnostic Radiology),Senior / Patient Service Associate
"Data Analyst, Data Centre",Data Analyst
IT Desktop Engineers,It Desktop Engineers
Technical Engineer,Technical Engineer
Software Engineer,Software Engineer
"15 Months Contract Data Analyst (Strong in Power BI, SQL) Up 7K #HJC",Data Analyst
Mechanical Engineer (Maintenance),Mechanical Engineer
Technical Specialist,Technical Specialist
Service Engineer,Service Engineer
Project Manager (Semiconductor/Contract Equipment Mfg)),Project Manager
M&E Engineer,M&E Engineer
Sales Coordinator (Valves),Sales Coordinator
"6 Business Development, Relationship Manager / 1 year SME Loan Exp / Hunter Role","Business Development, Relationship Manager"
"Officer, Operations Senior Analyst Markets, AML Refresh Operations",Officer
#
Corporate Finance Manager,Corporate Finance Manager
Admin Assistant (5 Days Work Week),Admin Assistant
"Senior Executive/Executive, Admin & Compliance",Senior Executive/Executive
Executive Assistant,Executive Assistant
Common Services Assistant,Common Services Assistant
Admin Assistant,Admin Assistant
"$2,390 | Admin Operations Support | Central | Entry Welcome!",Admin Operations Support
